factor,domain_a,domain_b,pair_label,rationale,n_edges,mean_abs_loading
0,TN-DM,TN-CE,TN-DM × TN-CE,DMN–Central Executive: aberrant anticorrelation / hypoconnectivity between DMN and central executive network. Li et al. 2019 Front Psychiatry 10:482 (doi:10.3389/fpsyt.2019.00482); Littow et al. 2015 Front Psychiatry 6:26 (doi:10.3389/fpsyt.2015.00026),24,0.1516828997988323
1,TN-DM,TN-CE,TN-DM × TN-CE,DMN–Central Executive: aberrant anticorrelation / hypoconnectivity between DMN and central executive network. Li et al. 2019 Front Psychiatry 10:482 (doi:10.3389/fpsyt.2019.00482); Littow et al. 2015 Front Psychiatry 6:26 (doi:10.3389/fpsyt.2015.00026),24,0.18329391923939453
2,TN-DM,TN-CE,TN-DM × TN-CE,DMN–Central Executive: aberrant anticorrelation / hypoconnectivity between DMN and central executive network. Li et al. 2019 Front Psychiatry 10:482 (doi:10.3389/fpsyt.2019.00482); Littow et al. 2015 Front Psychiatry 6:26 (doi:10.3389/fpsyt.2015.00026),24,0.13937938047567575
3,TN-DM,TN-CE,TN-DM × TN-CE,DMN–Central Executive: aberrant anticorrelation / hypoconnectivity between DMN and central executive network. Li et al. 2019 Front Psychiatry 10:482 (doi:10.3389/fpsyt.2019.00482); Littow et al. 2015 Front Psychiatry 6:26 (doi:10.3389/fpsyt.2015.00026),24,0.06986249732194674
4,TN-DM,TN-CE,TN-DM × TN-CE,DMN–Central Executive: aberrant anticorrelation / hypoconnectivity between DMN and central executive network. Li et al. 2019 Front Psychiatry 10:482 (doi:10.3389/fpsyt.2019.00482); Littow et al. 2015 Front Psychiatry 6:26 (doi:10.3389/fpsyt.2015.00026),24,0.18076745721558396
5,TN-DM,TN-CE,TN-DM × TN-CE,DMN–Central Executive: aberrant anticorrelation / hypoconnectivity between DMN and central executive network. Li et al. 2019 Front Psychiatry 10:482 (doi:10.3389/fpsyt.2019.00482); Littow et al. 2015 Front Psychiatry 6:26 (doi:10.3389/fpsyt.2015.00026),24,0.06887191016727977
6,TN-DM,TN-CE,TN-DM × TN-CE,DMN–Central Executive: aberrant anticorrelation / hypoconnectivity between DMN and central executive network. Li et al. 2019 Front Psychiatry 10:482 (doi:10.3389/fpsyt.2019.00482); Littow et al. 2015 Front Psychiatry 6:26 (doi:10.3389/fpsyt.2015.00026),24,0.06646149271354473
7,TN-DM,TN-CE,TN-DM × TN-CE,DMN–Central Executive: aberrant anticorrelation / hypoconnectivity between DMN and central executive network. Li et al. 2019 Front Psychiatry 10:482 (doi:10.3389/fpsyt.2019.00482); Littow et al. 2015 Front Psychiatry 6:26 (doi:10.3389/fpsyt.2015.00026),24,0.07986219167225206
8,TN-DM,TN-CE,TN-DM × TN-CE,DMN–Central Executive: aberrant anticorrelation / hypoconnectivity between DMN and central executive network. Li et al. 2019 Front Psychiatry 10:482 (doi:10.3389/fpsyt.2019.00482); Littow et al. 2015 Front Psychiatry 6:26 (doi:10.3389/fpsyt.2015.00026),24,0.0780438471998842
9,TN-DM,TN-CE,TN-DM × TN-CE,DMN–Central Executive: aberrant anticorrelation / hypoconnectivity between DMN and central executive network. Li et al. 2019 Front Psychiatry 10:482 (doi:10.3389/fpsyt.2019.00482); Littow et al. 2015 Front Psychiatry 6:26 (doi:10.3389/fpsyt.2015.00026),24,0.13099759996035773
10,TN-DM,TN-CE,TN-DM × TN-CE,DMN–Central Executive: aberrant anticorrelation / hypoconnectivity between DMN and central executive network. Li et al. 2019 Front Psychiatry 10:482 (doi:10.3389/fpsyt.2019.00482); Littow et al. 2015 Front Psychiatry 6:26 (doi:10.3389/fpsyt.2015.00026),24,0.10950829191106798
11,TN-DM,TN-CE,TN-DM × TN-CE,DMN–Central Executive: aberrant anticorrelation / hypoconnectivity between DMN and central executive network. Li et al. 2019 Front Psychiatry 10:482 (doi:10.3389/fpsyt.2019.00482); Littow et al. 2015 Front Psychiatry 6:26 (doi:10.3389/fpsyt.2015.00026),24,0.08118644459568532
12,TN-DM,TN-CE,TN-DM × TN-CE,DMN–Central Executive: aberrant anticorrelation / hypoconnectivity between DMN and central executive network. Li et al. 2019 Front Psychiatry 10:482 (doi:10.3389/fpsyt.2019.00482); Littow et al. 2015 Front Psychiatry 6:26 (doi:10.3389/fpsyt.2015.00026),24,0.06349390223240166
13,TN-DM,TN-CE,TN-DM × TN-CE,DMN–Central Executive: aberrant anticorrelation / hypoconnectivity between DMN and central executive network. Li et al. 2019 Front Psychiatry 10:482 (doi:10.3389/fpsyt.2019.00482); Littow et al. 2015 Front Psychiatry 6:26 (doi:10.3389/fpsyt.2015.00026),24,0.07125903970078032
14,TN-DM,TN-CE,TN-DM × TN-CE,DMN–Central Executive: aberrant anticorrelation / hypoconnectivity between DMN and central executive network. Li et al. 2019 Front Psychiatry 10:482 (doi:10.3389/fpsyt.2019.00482); Littow et al. 2015 Front Psychiatry 6:26 (doi:10.3389/fpsyt.2015.00026),24,0.07252644034037853
15,TN-DM,TN-CE,TN-DM × TN-CE,DMN–Central Executive: aberrant anticorrelation / hypoconnectivity between DMN and central executive network. Li et al. 2019 Front Psychiatry 10:482 (doi:10.3389/fpsyt.2019.00482); Littow et al. 2015 Front Psychiatry 6:26 (doi:10.3389/fpsyt.2015.00026),24,0.03582362647900223
16,TN-DM,TN-CE,TN-DM × TN-CE,DMN–Central Executive: aberrant anticorrelation / hypoconnectivity between DMN and central executive network. Li et al. 2019 Front Psychiatry 10:482 (doi:10.3389/fpsyt.2019.00482); Littow et al. 2015 Front Psychiatry 6:26 (doi:10.3389/fpsyt.2015.00026),24,0.08378296503181744
17,TN-DM,TN-CE,TN-DM × TN-CE,DMN–Central Executive: aberrant anticorrelation / hypoconnectivity between DMN and central executive network. Li et al. 2019 Front Psychiatry 10:482 (doi:10.3389/fpsyt.2019.00482); Littow et al. 2015 Front Psychiatry 6:26 (doi:10.3389/fpsyt.2015.00026),24,0.03824641826783268
18,TN-DM,TN-CE,TN-DM × TN-CE,DMN–Central Executive: aberrant anticorrelation / hypoconnectivity between DMN and central executive network. Li et al. 2019 Front Psychiatry 10:482 (doi:10.3389/fpsyt.2019.00482); Littow et al. 2015 Front Psychiatry 6:26 (doi:10.3389/fpsyt.2015.00026),24,0.07902040611167929
19,TN-DM,TN-CE,TN-DM × TN-CE,DMN–Central Executive: aberrant anticorrelation / hypoconnectivity between DMN and central executive network. Li et al. 2019 Front Psychiatry 10:482 (doi:10.3389/fpsyt.2019.00482); Littow et al. 2015 Front Psychiatry 6:26 (doi:10.3389/fpsyt.2015.00026),24,0.07533516959538887
20,TN-DM,TN-CE,TN-DM × TN-CE,DMN–Central Executive: aberrant anticorrelation / hypoconnectivity between DMN and central executive network. Li et al. 2019 Front Psychiatry 10:482 (doi:10.3389/fpsyt.2019.00482); Littow et al. 2015 Front Psychiatry 6:26 (doi:10.3389/fpsyt.2015.00026),24,0.06578933482519847
21,TN-DM,TN-CE,TN-DM × TN-CE,DMN–Central Executive: aberrant anticorrelation / hypoconnectivity between DMN and central executive network. Li et al. 2019 Front Psychiatry 10:482 (doi:10.3389/fpsyt.2019.00482); Littow et al. 2015 Front Psychiatry 6:26 (doi:10.3389/fpsyt.2015.00026),24,0.10918427990939505
22,TN-DM,TN-CE,TN-DM × TN-CE,DMN–Central Executive: aberrant anticorrelation / hypoconnectivity between DMN and central executive network. Li et al. 2019 Front Psychiatry 10:482 (doi:10.3389/fpsyt.2019.00482); Littow et al. 2015 Front Psychiatry 6:26 (doi:10.3389/fpsyt.2015.00026),24,0.06466635308443601
23,TN-DM,TN-CE,TN-DM × TN-CE,DMN–Central Executive: aberrant anticorrelation / hypoconnectivity between DMN and central executive network. Li et al. 2019 Front Psychiatry 10:482 (doi:10.3389/fpsyt.2019.00482); Littow et al. 2015 Front Psychiatry 6:26 (doi:10.3389/fpsyt.2015.00026),24,0.03502761784969611
24,TN-DM,TN-CE,TN-DM × TN-CE,DMN–Central Executive: aberrant anticorrelation / hypoconnectivity between DMN and central executive network. Li et al. 2019 Front Psychiatry 10:482 (doi:10.3389/fpsyt.2019.00482); Littow et al. 2015 Front Psychiatry 6:26 (doi:10.3389/fpsyt.2015.00026),24,0.0643149063427892
0,TN-DM,HC-IT,TN-DM × HC-IT,"DMN–Insular/Temporal: DMN alterations underlying auditory verbal hallucinations; insular-temporal regions link auditory and frontal hubs. Marino & Spironelli 2022 J Psychiatr Res (PMID:35981441, doi:10.1016/j.jpsychires.2022.08.006); Weber et al. 2020 Front Psychiatry 11:227 (doi:10.3389/fpsyt.2020.00227)",56,0.12224236934997675
1,TN-DM,HC-IT,TN-DM × HC-IT,"DMN–Insular/Temporal: DMN alterations underlying auditory verbal hallucinations; insular-temporal regions link auditory and frontal hubs. Marino & Spironelli 2022 J Psychiatr Res (PMID:35981441, doi:10.1016/j.jpsychires.2022.08.006); Weber et al. 2020 Front Psychiatry 11:227 (doi:10.3389/fpsyt.2020.00227)",56,0.19816576549228765
2,TN-DM,HC-IT,TN-DM × HC-IT,"DMN–Insular/Temporal: DMN alterations underlying auditory verbal hallucinations; insular-temporal regions link auditory and frontal hubs. Marino & Spironelli 2022 J Psychiatr Res (PMID:35981441, doi:10.1016/j.jpsychires.2022.08.006); Weber et al. 2020 Front Psychiatry 11:227 (doi:10.3389/fpsyt.2020.00227)",56,0.24196035877543512
3,TN-DM,HC-IT,TN-DM × HC-IT,"DMN–Insular/Temporal: DMN alterations underlying auditory verbal hallucinations; insular-temporal regions link auditory and frontal hubs. Marino & Spironelli 2022 J Psychiatr Res (PMID:35981441, doi:10.1016/j.jpsychires.2022.08.006); Weber et al. 2020 Front Psychiatry 11:227 (doi:10.3389/fpsyt.2020.00227)",56,0.09067463525484032
4,TN-DM,HC-IT,TN-DM × HC-IT,"DMN–Insular/Temporal: DMN alterations underlying auditory verbal hallucinations; insular-temporal regions link auditory and frontal hubs. Marino & Spironelli 2022 J Psychiatr Res (PMID:35981441, doi:10.1016/j.jpsychires.2022.08.006); Weber et al. 2020 Front Psychiatry 11:227 (doi:10.3389/fpsyt.2020.00227)",56,0.2543795565917389
5,TN-DM,HC-IT,TN-DM × HC-IT,"DMN–Insular/Temporal: DMN alterations underlying auditory verbal hallucinations; insular-temporal regions link auditory and frontal hubs. Marino & Spironelli 2022 J Psychiatr Res (PMID:35981441, doi:10.1016/j.jpsychires.2022.08.006); Weber et al. 2020 Front Psychiatry 11:227 (doi:10.3389/fpsyt.2020.00227)",56,0.08922918825081992
6,TN-DM,HC-IT,TN-DM × HC-IT,"DMN–Insular/Temporal: DMN alterations underlying auditory verbal hallucinations; insular-temporal regions link auditory and frontal hubs. Marino & Spironelli 2022 J Psychiatr Res (PMID:35981441, doi:10.1016/j.jpsychires.2022.08.006); Weber et al. 2020 Front Psychiatry 11:227 (doi:10.3389/fpsyt.2020.00227)",56,0.10955993995342417
7,TN-DM,HC-IT,TN-DM × HC-IT,"DMN–Insular/Temporal: DMN alterations underlying auditory verbal hallucinations; insular-temporal regions link auditory and frontal hubs. Marino & Spironelli 2022 J Psychiatr Res (PMID:35981441, doi:10.1016/j.jpsychires.2022.08.006); Weber et al. 2020 Front Psychiatry 11:227 (doi:10.3389/fpsyt.2020.00227)",56,0.11559637854894159
8,TN-DM,HC-IT,TN-DM × HC-IT,"DMN–Insular/Temporal: DMN alterations underlying auditory verbal hallucinations; insular-temporal regions link auditory and frontal hubs. Marino & Spironelli 2022 J Psychiatr Res (PMID:35981441, doi:10.1016/j.jpsychires.2022.08.006); Weber et al. 2020 Front Psychiatry 11:227 (doi:10.3389/fpsyt.2020.00227)",56,0.09718399401593145
9,TN-DM,HC-IT,TN-DM × HC-IT,"DMN–Insular/Temporal: DMN alterations underlying auditory verbal hallucinations; insular-temporal regions link auditory and frontal hubs. Marino & Spironelli 2022 J Psychiatr Res (PMID:35981441, doi:10.1016/j.jpsychires.2022.08.006); Weber et al. 2020 Front Psychiatry 11:227 (doi:10.3389/fpsyt.2020.00227)",56,0.13461216285434804
10,TN-DM,HC-IT,TN-DM × HC-IT,"DMN–Insular/Temporal: DMN alterations underlying auditory verbal hallucinations; insular-temporal regions link auditory and frontal hubs. Marino & Spironelli 2022 J Psychiatr Res (PMID:35981441, doi:10.1016/j.jpsychires.2022.08.006); Weber et al. 2020 Front Psychiatry 11:227 (doi:10.3389/fpsyt.2020.00227)",56,0.11684340416370949
11,TN-DM,HC-IT,TN-DM × HC-IT,"DMN–Insular/Temporal: DMN alterations underlying auditory verbal hallucinations; insular-temporal regions link auditory and frontal hubs. Marino & Spironelli 2022 J Psychiatr Res (PMID:35981441, doi:10.1016/j.jpsychires.2022.08.006); Weber et al. 2020 Front Psychiatry 11:227 (doi:10.3389/fpsyt.2020.00227)",56,0.13382530377096544
12,TN-DM,HC-IT,TN-DM × HC-IT,"DMN–Insular/Temporal: DMN alterations underlying auditory verbal hallucinations; insular-temporal regions link auditory and frontal hubs. Marino & Spironelli 2022 J Psychiatr Res (PMID:35981441, doi:10.1016/j.jpsychires.2022.08.006); Weber et al. 2020 Front Psychiatry 11:227 (doi:10.3389/fpsyt.2020.00227)",56,0.07981709158123583
13,TN-DM,HC-IT,TN-DM × HC-IT,"DMN–Insular/Temporal: DMN alterations underlying auditory verbal hallucinations; insular-temporal regions link auditory and frontal hubs. Marino & Spironelli 2022 J Psychiatr Res (PMID:35981441, doi:10.1016/j.jpsychires.2022.08.006); Weber et al. 2020 Front Psychiatry 11:227 (doi:10.3389/fpsyt.2020.00227)",56,0.07025501364918832
14,TN-DM,HC-IT,TN-DM × HC-IT,"DMN–Insular/Temporal: DMN alterations underlying auditory verbal hallucinations; insular-temporal regions link auditory and frontal hubs. Marino & Spironelli 2022 J Psychiatr Res (PMID:35981441, doi:10.1016/j.jpsychires.2022.08.006); Weber et al. 2020 Front Psychiatry 11:227 (doi:10.3389/fpsyt.2020.00227)",56,0.08989600038166382
15,TN-DM,HC-IT,TN-DM × HC-IT,"DMN–Insular/Temporal: DMN alterations underlying auditory verbal hallucinations; insular-temporal regions link auditory and frontal hubs. Marino & Spironelli 2022 J Psychiatr Res (PMID:35981441, doi:10.1016/j.jpsychires.2022.08.006); Weber et al. 2020 Front Psychiatry 11:227 (doi:10.3389/fpsyt.2020.00227)",56,0.10007116677242094
16,TN-DM,HC-IT,TN-DM × HC-IT,"DMN–Insular/Temporal: DMN alterations underlying auditory verbal hallucinations; insular-temporal regions link auditory and frontal hubs. Marino & Spironelli 2022 J Psychiatr Res (PMID:35981441, doi:10.1016/j.jpsychires.2022.08.006); Weber et al. 2020 Front Psychiatry 11:227 (doi:10.3389/fpsyt.2020.00227)",56,0.11839374236048557
17,TN-DM,HC-IT,TN-DM × HC-IT,"DMN–Insular/Temporal: DMN alterations underlying auditory verbal hallucinations; insular-temporal regions link auditory and frontal hubs. Marino & Spironelli 2022 J Psychiatr Res (PMID:35981441, doi:10.1016/j.jpsychires.2022.08.006); Weber et al. 2020 Front Psychiatry 11:227 (doi:10.3389/fpsyt.2020.00227)",56,0.08468188885146401
18,TN-DM,HC-IT,TN-DM × HC-IT,"DMN–Insular/Temporal: DMN alterations underlying auditory verbal hallucinations; insular-temporal regions link auditory and frontal hubs. Marino & Spironelli 2022 J Psychiatr Res (PMID:35981441, doi:10.1016/j.jpsychires.2022.08.006); Weber et al. 2020 Front Psychiatry 11:227 (doi:10.3389/fpsyt.2020.00227)",56,0.12358602901503403
19,TN-DM,HC-IT,TN-DM × HC-IT,"DMN–Insular/Temporal: DMN alterations underlying auditory verbal hallucinations; insular-temporal regions link auditory and frontal hubs. Marino & Spironelli 2022 J Psychiatr Res (PMID:35981441, doi:10.1016/j.jpsychires.2022.08.006); Weber et al. 2020 Front Psychiatry 11:227 (doi:10.3389/fpsyt.2020.00227)",56,0.08823491701943444
20,TN-DM,HC-IT,TN-DM × HC-IT,"DMN–Insular/Temporal: DMN alterations underlying auditory verbal hallucinations; insular-temporal regions link auditory and frontal hubs. Marino & Spironelli 2022 J Psychiatr Res (PMID:35981441, doi:10.1016/j.jpsychires.2022.08.006); Weber et al. 2020 Front Psychiatry 11:227 (doi:10.3389/fpsyt.2020.00227)",56,0.06558167979001041
21,TN-DM,HC-IT,TN-DM × HC-IT,"DMN–Insular/Temporal: DMN alterations underlying auditory verbal hallucinations; insular-temporal regions link auditory and frontal hubs. Marino & Spironelli 2022 J Psychiatr Res (PMID:35981441, doi:10.1016/j.jpsychires.2022.08.006); Weber et al. 2020 Front Psychiatry 11:227 (doi:10.3389/fpsyt.2020.00227)",56,0.09565245423512622
22,TN-DM,HC-IT,TN-DM × HC-IT,"DMN–Insular/Temporal: DMN alterations underlying auditory verbal hallucinations; insular-temporal regions link auditory and frontal hubs. Marino & Spironelli 2022 J Psychiatr Res (PMID:35981441, doi:10.1016/j.jpsychires.2022.08.006); Weber et al. 2020 Front Psychiatry 11:227 (doi:10.3389/fpsyt.2020.00227)",56,0.10102704145938105
23,TN-DM,HC-IT,TN-DM × HC-IT,"DMN–Insular/Temporal: DMN alterations underlying auditory verbal hallucinations; insular-temporal regions link auditory and frontal hubs. Marino & Spironelli 2022 J Psychiatr Res (PMID:35981441, doi:10.1016/j.jpsychires.2022.08.006); Weber et al. 2020 Front Psychiatry 11:227 (doi:10.3389/fpsyt.2020.00227)",56,0.05455141664863789
24,TN-DM,HC-IT,TN-DM × HC-IT,"DMN–Insular/Temporal: DMN alterations underlying auditory verbal hallucinations; insular-temporal regions link auditory and frontal hubs. Marino & Spironelli 2022 J Psychiatr Res (PMID:35981441, doi:10.1016/j.jpsychires.2022.08.006); Weber et al. 2020 Front Psychiatry 11:227 (doi:10.3389/fpsyt.2020.00227)",56,0.08482904975011411
0,SC-ET,TN-CE,SC-ET × TN-CE,"Thalamic–Central Executive: reduced prefrontal-thalamic functional connectivity and impaired cognitive control. Woodward et al. 2012 Am J Psychiatry 169:1092-1099 (PMID:23032387, doi:10.1176/appi.ajp.2012.12010056); Giraldo-Chica & Woodward 2017 Schizophr Res 180:58-63 (doi:10.1016/j.schres.2016.08.005)",18,0.5556752661946429
1,SC-ET,TN-CE,SC-ET × TN-CE,"Thalamic–Central Executive: reduced prefrontal-thalamic functional connectivity and impaired cognitive control. Woodward et al. 2012 Am J Psychiatry 169:1092-1099 (PMID:23032387, doi:10.1176/appi.ajp.2012.12010056); Giraldo-Chica & Woodward 2017 Schizophr Res 180:58-63 (doi:10.1016/j.schres.2016.08.005)",18,0.07296958105094604
2,SC-ET,TN-CE,SC-ET × TN-CE,"Thalamic–Central Executive: reduced prefrontal-thalamic functional connectivity and impaired cognitive control. Woodward et al. 2012 Am J Psychiatry 169:1092-1099 (PMID:23032387, doi:10.1176/appi.ajp.2012.12010056); Giraldo-Chica & Woodward 2017 Schizophr Res 180:58-63 (doi:10.1016/j.schres.2016.08.005)",18,0.1079089069159048
3,SC-ET,TN-CE,SC-ET × TN-CE,"Thalamic–Central Executive: reduced prefrontal-thalamic functional connectivity and impaired cognitive control. Woodward et al. 2012 Am J Psychiatry 169:1092-1099 (PMID:23032387, doi:10.1176/appi.ajp.2012.12010056); Giraldo-Chica & Woodward 2017 Schizophr Res 180:58-63 (doi:10.1016/j.schres.2016.08.005)",18,0.13177063210620546
4,SC-ET,TN-CE,SC-ET × TN-CE,"Thalamic–Central Executive: reduced prefrontal-thalamic functional connectivity and impaired cognitive control. Woodward et al. 2012 Am J Psychiatry 169:1092-1099 (PMID:23032387, doi:10.1176/appi.ajp.2012.12010056); Giraldo-Chica & Woodward 2017 Schizophr Res 180:58-63 (doi:10.1016/j.schres.2016.08.005)",18,0.10082054782981438
5,SC-ET,TN-CE,SC-ET × TN-CE,"Thalamic–Central Executive: reduced prefrontal-thalamic functional connectivity and impaired cognitive control. Woodward et al. 2012 Am J Psychiatry 169:1092-1099 (PMID:23032387, doi:10.1176/appi.ajp.2012.12010056); Giraldo-Chica & Woodward 2017 Schizophr Res 180:58-63 (doi:10.1016/j.schres.2016.08.005)",18,0.06756455996104957
6,SC-ET,TN-CE,SC-ET × TN-CE,"Thalamic–Central Executive: reduced prefrontal-thalamic functional connectivity and impaired cognitive control. Woodward et al. 2012 Am J Psychiatry 169:1092-1099 (PMID:23032387, doi:10.1176/appi.ajp.2012.12010056); Giraldo-Chica & Woodward 2017 Schizophr Res 180:58-63 (doi:10.1016/j.schres.2016.08.005)",18,0.09879666107189812
7,SC-ET,TN-CE,SC-ET × TN-CE,"Thalamic–Central Executive: reduced prefrontal-thalamic functional connectivity and impaired cognitive control. Woodward et al. 2012 Am J Psychiatry 169:1092-1099 (PMID:23032387, doi:10.1176/appi.ajp.2012.12010056); Giraldo-Chica & Woodward 2017 Schizophr Res 180:58-63 (doi:10.1016/j.schres.2016.08.005)",18,0.05977433316576983
8,SC-ET,TN-CE,SC-ET × TN-CE,"Thalamic–Central Executive: reduced prefrontal-thalamic functional connectivity and impaired cognitive control. Woodward et al. 2012 Am J Psychiatry 169:1092-1099 (PMID:23032387, doi:10.1176/appi.ajp.2012.12010056); Giraldo-Chica & Woodward 2017 Schizophr Res 180:58-63 (doi:10.1016/j.schres.2016.08.005)",18,0.1329836773583154
9,SC-ET,TN-CE,SC-ET × TN-CE,"Thalamic–Central Executive: reduced prefrontal-thalamic functional connectivity and impaired cognitive control. Woodward et al. 2012 Am J Psychiatry 169:1092-1099 (PMID:23032387, doi:10.1176/appi.ajp.2012.12010056); Giraldo-Chica & Woodward 2017 Schizophr Res 180:58-63 (doi:10.1016/j.schres.2016.08.005)",18,0.06476699007779047
10,SC-ET,TN-CE,SC-ET × TN-CE,"Thalamic–Central Executive: reduced prefrontal-thalamic functional connectivity and impaired cognitive control. Woodward et al. 2012 Am J Psychiatry 169:1092-1099 (PMID:23032387, doi:10.1176/appi.ajp.2012.12010056); Giraldo-Chica & Woodward 2017 Schizophr Res 180:58-63 (doi:10.1016/j.schres.2016.08.005)",18,0.0828308200421929
11,SC-ET,TN-CE,SC-ET × TN-CE,"Thalamic–Central Executive: reduced prefrontal-thalamic functional connectivity and impaired cognitive control. Woodward et al. 2012 Am J Psychiatry 169:1092-1099 (PMID:23032387, doi:10.1176/appi.ajp.2012.12010056); Giraldo-Chica & Woodward 2017 Schizophr Res 180:58-63 (doi:10.1016/j.schres.2016.08.005)",18,0.06846118883750944
12,SC-ET,TN-CE,SC-ET × TN-CE,"Thalamic–Central Executive: reduced prefrontal-thalamic functional connectivity and impaired cognitive control. Woodward et al. 2012 Am J Psychiatry 169:1092-1099 (PMID:23032387, doi:10.1176/appi.ajp.2012.12010056); Giraldo-Chica & Woodward 2017 Schizophr Res 180:58-63 (doi:10.1016/j.schres.2016.08.005)",18,0.12026860033761065
13,SC-ET,TN-CE,SC-ET × TN-CE,"Thalamic–Central Executive: reduced prefrontal-thalamic functional connectivity and impaired cognitive control. Woodward et al. 2012 Am J Psychiatry 169:1092-1099 (PMID:23032387, doi:10.1176/appi.ajp.2012.12010056); Giraldo-Chica & Woodward 2017 Schizophr Res 180:58-63 (doi:10.1016/j.schres.2016.08.005)",18,0.06863197387228316
14,SC-ET,TN-CE,SC-ET × TN-CE,"Thalamic–Central Executive: reduced prefrontal-thalamic functional connectivity and impaired cognitive control. Woodward et al. 2012 Am J Psychiatry 169:1092-1099 (PMID:23032387, doi:10.1176/appi.ajp.2012.12010056); Giraldo-Chica & Woodward 2017 Schizophr Res 180:58-63 (doi:10.1016/j.schres.2016.08.005)",18,0.06793344801665199
15,SC-ET,TN-CE,SC-ET × TN-CE,"Thalamic–Central Executive: reduced prefrontal-thalamic functional connectivity and impaired cognitive control. Woodward et al. 2012 Am J Psychiatry 169:1092-1099 (PMID:23032387, doi:10.1176/appi.ajp.2012.12010056); Giraldo-Chica & Woodward 2017 Schizophr Res 180:58-63 (doi:10.1016/j.schres.2016.08.005)",18,0.17820917413564216
16,SC-ET,TN-CE,SC-ET × TN-CE,"Thalamic–Central Executive: reduced prefrontal-thalamic functional connectivity and impaired cognitive control. Woodward et al. 2012 Am J Psychiatry 169:1092-1099 (PMID:23032387, doi:10.1176/appi.ajp.2012.12010056); Giraldo-Chica & Woodward 2017 Schizophr Res 180:58-63 (doi:10.1016/j.schres.2016.08.005)",18,0.17930010030064844
17,SC-ET,TN-CE,SC-ET × TN-CE,"Thalamic–Central Executive: reduced prefrontal-thalamic functional connectivity and impaired cognitive control. Woodward et al. 2012 Am J Psychiatry 169:1092-1099 (PMID:23032387, doi:10.1176/appi.ajp.2012.12010056); Giraldo-Chica & Woodward 2017 Schizophr Res 180:58-63 (doi:10.1016/j.schres.2016.08.005)",18,0.06256206356341787
18,SC-ET,TN-CE,SC-ET × TN-CE,"Thalamic–Central Executive: reduced prefrontal-thalamic functional connectivity and impaired cognitive control. Woodward et al. 2012 Am J Psychiatry 169:1092-1099 (PMID:23032387, doi:10.1176/appi.ajp.2012.12010056); Giraldo-Chica & Woodward 2017 Schizophr Res 180:58-63 (doi:10.1016/j.schres.2016.08.005)",18,0.0799810105473948
19,SC-ET,TN-CE,SC-ET × TN-CE,"Thalamic–Central Executive: reduced prefrontal-thalamic functional connectivity and impaired cognitive control. Woodward et al. 2012 Am J Psychiatry 169:1092-1099 (PMID:23032387, doi:10.1176/appi.ajp.2012.12010056); Giraldo-Chica & Woodward 2017 Schizophr Res 180:58-63 (doi:10.1016/j.schres.2016.08.005)",18,0.06448133206822494
20,SC-ET,TN-CE,SC-ET × TN-CE,"Thalamic–Central Executive: reduced prefrontal-thalamic functional connectivity and impaired cognitive control. Woodward et al. 2012 Am J Psychiatry 169:1092-1099 (PMID:23032387, doi:10.1176/appi.ajp.2012.12010056); Giraldo-Chica & Woodward 2017 Schizophr Res 180:58-63 (doi:10.1016/j.schres.2016.08.005)",18,0.06438840709667637
21,SC-ET,TN-CE,SC-ET × TN-CE,"Thalamic–Central Executive: reduced prefrontal-thalamic functional connectivity and impaired cognitive control. Woodward et al. 2012 Am J Psychiatry 169:1092-1099 (PMID:23032387, doi:10.1176/appi.ajp.2012.12010056); Giraldo-Chica & Woodward 2017 Schizophr Res 180:58-63 (doi:10.1016/j.schres.2016.08.005)",18,0.08532150472038574
22,SC-ET,TN-CE,SC-ET × TN-CE,"Thalamic–Central Executive: reduced prefrontal-thalamic functional connectivity and impaired cognitive control. Woodward et al. 2012 Am J Psychiatry 169:1092-1099 (PMID:23032387, doi:10.1176/appi.ajp.2012.12010056); Giraldo-Chica & Woodward 2017 Schizophr Res 180:58-63 (doi:10.1016/j.schres.2016.08.005)",18,0.03701765986074362
23,SC-ET,TN-CE,SC-ET × TN-CE,"Thalamic–Central Executive: reduced prefrontal-thalamic functional connectivity and impaired cognitive control. Woodward et al. 2012 Am J Psychiatry 169:1092-1099 (PMID:23032387, doi:10.1176/appi.ajp.2012.12010056); Giraldo-Chica & Woodward 2017 Schizophr Res 180:58-63 (doi:10.1016/j.schres.2016.08.005)",18,0.05592184182860137
24,SC-ET,TN-CE,SC-ET × TN-CE,"Thalamic–Central Executive: reduced prefrontal-thalamic functional connectivity and impaired cognitive control. Woodward et al. 2012 Am J Psychiatry 169:1092-1099 (PMID:23032387, doi:10.1176/appi.ajp.2012.12010056); Giraldo-Chica & Woodward 2017 Schizophr Res 180:58-63 (doi:10.1016/j.schres.2016.08.005)",18,0.1056212923259099
0,SC-ET,TN-DM,SC-ET × TN-DM,"Thalamic–DMN: thalamo-cortical loop disruption; thalamic hypoconnectivity with prefrontal/DMN regions and hyperconnectivity with sensorimotor areas. Woodward et al. 2012 Am J Psychiatry 169:1092-1099 (PMID:23032387, doi:10.1176/appi.ajp.2012.12010056); Ferri et al. 2018 Sci Rep 8:3451 (doi:10.1038/s41598-019-39367-z)",48,0.26419954299485077
1,SC-ET,TN-DM,SC-ET × TN-DM,"Thalamic–DMN: thalamo-cortical loop disruption; thalamic hypoconnectivity with prefrontal/DMN regions and hyperconnectivity with sensorimotor areas. Woodward et al. 2012 Am J Psychiatry 169:1092-1099 (PMID:23032387, doi:10.1176/appi.ajp.2012.12010056); Ferri et al. 2018 Sci Rep 8:3451 (doi:10.1038/s41598-019-39367-z)",48,0.14469425572540556
2,SC-ET,TN-DM,SC-ET × TN-DM,"Thalamic–DMN: thalamo-cortical loop disruption; thalamic hypoconnectivity with prefrontal/DMN regions and hyperconnectivity with sensorimotor areas. Woodward et al. 2012 Am J Psychiatry 169:1092-1099 (PMID:23032387, doi:10.1176/appi.ajp.2012.12010056); Ferri et al. 2018 Sci Rep 8:3451 (doi:10.1038/s41598-019-39367-z)",48,0.12831820089260304
3,SC-ET,TN-DM,SC-ET × TN-DM,"Thalamic–DMN: thalamo-cortical loop disruption; thalamic hypoconnectivity with prefrontal/DMN regions and hyperconnectivity with sensorimotor areas. Woodward et al. 2012 Am J Psychiatry 169:1092-1099 (PMID:23032387, doi:10.1176/appi.ajp.2012.12010056); Ferri et al. 2018 Sci Rep 8:3451 (doi:10.1038/s41598-019-39367-z)",48,0.26594559182967953
4,SC-ET,TN-DM,SC-ET × TN-DM,"Thalamic–DMN: thalamo-cortical loop disruption; thalamic hypoconnectivity with prefrontal/DMN regions and hyperconnectivity with sensorimotor areas. Woodward et al. 2012 Am J Psychiatry 169:1092-1099 (PMID:23032387, doi:10.1176/appi.ajp.2012.12010056); Ferri et al. 2018 Sci Rep 8:3451 (doi:10.1038/s41598-019-39367-z)",48,0.17197521059923263
5,SC-ET,TN-DM,SC-ET × TN-DM,"Thalamic–DMN: thalamo-cortical loop disruption; thalamic hypoconnectivity with prefrontal/DMN regions and hyperconnectivity with sensorimotor areas. Woodward et al. 2012 Am J Psychiatry 169:1092-1099 (PMID:23032387, doi:10.1176/appi.ajp.2012.12010056); Ferri et al. 2018 Sci Rep 8:3451 (doi:10.1038/s41598-019-39367-z)",48,0.17579194353900776
6,SC-ET,TN-DM,SC-ET × TN-DM,"Thalamic–DMN: thalamo-cortical loop disruption; thalamic hypoconnectivity with prefrontal/DMN regions and hyperconnectivity with sensorimotor areas. Woodward et al. 2012 Am J Psychiatry 169:1092-1099 (PMID:23032387, doi:10.1176/appi.ajp.2012.12010056); Ferri et al. 2018 Sci Rep 8:3451 (doi:10.1038/s41598-019-39367-z)",48,0.0737982478676005
7,SC-ET,TN-DM,SC-ET × TN-DM,"Thalamic–DMN: thalamo-cortical loop disruption; thalamic hypoconnectivity with prefrontal/DMN regions and hyperconnectivity with sensorimotor areas. Woodward et al. 2012 Am J Psychiatry 169:1092-1099 (PMID:23032387, doi:10.1176/appi.ajp.2012.12010056); Ferri et al. 2018 Sci Rep 8:3451 (doi:10.1038/s41598-019-39367-z)",48,0.1253099514798926
8,SC-ET,TN-DM,SC-ET × TN-DM,"Thalamic–DMN: thalamo-cortical loop disruption; thalamic hypoconnectivity with prefrontal/DMN regions and hyperconnectivity with sensorimotor areas. Woodward et al. 2012 Am J Psychiatry 169:1092-1099 (PMID:23032387, doi:10.1176/appi.ajp.2012.12010056); Ferri et al. 2018 Sci Rep 8:3451 (doi:10.1038/s41598-019-39367-z)",48,0.18672504675534154
9,SC-ET,TN-DM,SC-ET × TN-DM,"Thalamic–DMN: thalamo-cortical loop disruption; thalamic hypoconnectivity with prefrontal/DMN regions and hyperconnectivity with sensorimotor areas. Woodward et al. 2012 Am J Psychiatry 169:1092-1099 (PMID:23032387, doi:10.1176/appi.ajp.2012.12010056); Ferri et al. 2018 Sci Rep 8:3451 (doi:10.1038/s41598-019-39367-z)",48,0.14436054460121864
10,SC-ET,TN-DM,SC-ET × TN-DM,"Thalamic–DMN: thalamo-cortical loop disruption; thalamic hypoconnectivity with prefrontal/DMN regions and hyperconnectivity with sensorimotor areas. Woodward et al. 2012 Am J Psychiatry 169:1092-1099 (PMID:23032387, doi:10.1176/appi.ajp.2012.12010056); Ferri et al. 2018 Sci Rep 8:3451 (doi:10.1038/s41598-019-39367-z)",48,0.03905770764565625
11,SC-ET,TN-DM,SC-ET × TN-DM,"Thalamic–DMN: thalamo-cortical loop disruption; thalamic hypoconnectivity with prefrontal/DMN regions and hyperconnectivity with sensorimotor areas. Woodward et al. 2012 Am J Psychiatry 169:1092-1099 (PMID:23032387, doi:10.1176/appi.ajp.2012.12010056); Ferri et al. 2018 Sci Rep 8:3451 (doi:10.1038/s41598-019-39367-z)",48,0.14737718427241
12,SC-ET,TN-DM,SC-ET × TN-DM,"Thalamic–DMN: thalamo-cortical loop disruption; thalamic hypoconnectivity with prefrontal/DMN regions and hyperconnectivity with sensorimotor areas. Woodward et al. 2012 Am J Psychiatry 169:1092-1099 (PMID:23032387, doi:10.1176/appi.ajp.2012.12010056); Ferri et al. 2018 Sci Rep 8:3451 (doi:10.1038/s41598-019-39367-z)",48,0.12387730237200088
13,SC-ET,TN-DM,SC-ET × TN-DM,"Thalamic–DMN: thalamo-cortical loop disruption; thalamic hypoconnectivity with prefrontal/DMN regions and hyperconnectivity with sensorimotor areas. Woodward et al. 2012 Am J Psychiatry 169:1092-1099 (PMID:23032387, doi:10.1176/appi.ajp.2012.12010056); Ferri et al. 2018 Sci Rep 8:3451 (doi:10.1038/s41598-019-39367-z)",48,0.07495851940962078
14,SC-ET,TN-DM,SC-ET × TN-DM,"Thalamic–DMN: thalamo-cortical loop disruption; thalamic hypoconnectivity with prefrontal/DMN regions and hyperconnectivity with sensorimotor areas. Woodward et al. 2012 Am J Psychiatry 169:1092-1099 (PMID:23032387, doi:10.1176/appi.ajp.2012.12010056); Ferri et al. 2018 Sci Rep 8:3451 (doi:10.1038/s41598-019-39367-z)",48,0.05681825224704241
15,SC-ET,TN-DM,SC-ET × TN-DM,"Thalamic–DMN: thalamo-cortical loop disruption; thalamic hypoconnectivity with prefrontal/DMN regions and hyperconnectivity with sensorimotor areas. Woodward et al. 2012 Am J Psychiatry 169:1092-1099 (PMID:23032387, doi:10.1176/appi.ajp.2012.12010056); Ferri et al. 2018 Sci Rep 8:3451 (doi:10.1038/s41598-019-39367-z)",48,0.0865829619204845
16,SC-ET,TN-DM,SC-ET × TN-DM,"Thalamic–DMN: thalamo-cortical loop disruption; thalamic hypoconnectivity with prefrontal/DMN regions and hyperconnectivity with sensorimotor areas. Woodward et al. 2012 Am J Psychiatry 169:1092-1099 (PMID:23032387, doi:10.1176/appi.ajp.2012.12010056); Ferri et al. 2018 Sci Rep 8:3451 (doi:10.1038/s41598-019-39367-z)",48,0.09841205131655383
17,SC-ET,TN-DM,SC-ET × TN-DM,"Thalamic–DMN: thalamo-cortical loop disruption; thalamic hypoconnectivity with prefrontal/DMN regions and hyperconnectivity with sensorimotor areas. Woodward et al. 2012 Am J Psychiatry 169:1092-1099 (PMID:23032387, doi:10.1176/appi.ajp.2012.12010056); Ferri et al. 2018 Sci Rep 8:3451 (doi:10.1038/s41598-019-39367-z)",48,0.05354011486116004
18,SC-ET,TN-DM,SC-ET × TN-DM,"Thalamic–DMN: thalamo-cortical loop disruption; thalamic hypoconnectivity with prefrontal/DMN regions and hyperconnectivity with sensorimotor areas. Woodward et al. 2012 Am J Psychiatry 169:1092-1099 (PMID:23032387, doi:10.1176/appi.ajp.2012.12010056); Ferri et al. 2018 Sci Rep 8:3451 (doi:10.1038/s41598-019-39367-z)",48,0.06751518910209771
19,SC-ET,TN-DM,SC-ET × TN-DM,"Thalamic–DMN: thalamo-cortical loop disruption; thalamic hypoconnectivity with prefrontal/DMN regions and hyperconnectivity with sensorimotor areas. Woodward et al. 2012 Am J Psychiatry 169:1092-1099 (PMID:23032387, doi:10.1176/appi.ajp.2012.12010056); Ferri et al. 2018 Sci Rep 8:3451 (doi:10.1038/s41598-019-39367-z)",48,0.11266249555688879
20,SC-ET,TN-DM,SC-ET × TN-DM,"Thalamic–DMN: thalamo-cortical loop disruption; thalamic hypoconnectivity with prefrontal/DMN regions and hyperconnectivity with sensorimotor areas. Woodward et al. 2012 Am J Psychiatry 169:1092-1099 (PMID:23032387, doi:10.1176/appi.ajp.2012.12010056); Ferri et al. 2018 Sci Rep 8:3451 (doi:10.1038/s41598-019-39367-z)",48,0.05078372360691036
21,SC-ET,TN-DM,SC-ET × TN-DM,"Thalamic–DMN: thalamo-cortical loop disruption; thalamic hypoconnectivity with prefrontal/DMN regions and hyperconnectivity with sensorimotor areas. Woodward et al. 2012 Am J Psychiatry 169:1092-1099 (PMID:23032387, doi:10.1176/appi.ajp.2012.12010056); Ferri et al. 2018 Sci Rep 8:3451 (doi:10.1038/s41598-019-39367-z)",48,0.06404019458417083
22,SC-ET,TN-DM,SC-ET × TN-DM,"Thalamic–DMN: thalamo-cortical loop disruption; thalamic hypoconnectivity with prefrontal/DMN regions and hyperconnectivity with sensorimotor areas. Woodward et al. 2012 Am J Psychiatry 169:1092-1099 (PMID:23032387, doi:10.1176/appi.ajp.2012.12010056); Ferri et al. 2018 Sci Rep 8:3451 (doi:10.1038/s41598-019-39367-z)",48,0.10643552322371348
23,SC-ET,TN-DM,SC-ET × TN-DM,"Thalamic–DMN: thalamo-cortical loop disruption; thalamic hypoconnectivity with prefrontal/DMN regions and hyperconnectivity with sensorimotor areas. Woodward et al. 2012 Am J Psychiatry 169:1092-1099 (PMID:23032387, doi:10.1176/appi.ajp.2012.12010056); Ferri et al. 2018 Sci Rep 8:3451 (doi:10.1038/s41598-019-39367-z)",48,0.06019463407475367
24,SC-ET,TN-DM,SC-ET × TN-DM,"Thalamic–DMN: thalamo-cortical loop disruption; thalamic hypoconnectivity with prefrontal/DMN regions and hyperconnectivity with sensorimotor areas. Woodward et al. 2012 Am J Psychiatry 169:1092-1099 (PMID:23032387, doi:10.1176/appi.ajp.2012.12010056); Ferri et al. 2018 Sci Rep 8:3451 (doi:10.1038/s41598-019-39367-z)",48,0.06808488356856676
0,TN-CE,SM,TN-CE × SM,"Central Executive–Sensorimotor: disintegration of sensorimotor networks from higher-order cognitive/executive control networks. Kaufmann et al. 2015 Schizophr Bull 41:1326-1335 (PMID:25943122, doi:10.1093/schbul/sbv060)",42,0.17206439607012014
1,TN-CE,SM,TN-CE × SM,"Central Executive–Sensorimotor: disintegration of sensorimotor networks from higher-order cognitive/executive control networks. Kaufmann et al. 2015 Schizophr Bull 41:1326-1335 (PMID:25943122, doi:10.1093/schbul/sbv060)",42,0.07448366215051157
2,TN-CE,SM,TN-CE × SM,"Central Executive–Sensorimotor: disintegration of sensorimotor networks from higher-order cognitive/executive control networks. Kaufmann et al. 2015 Schizophr Bull 41:1326-1335 (PMID:25943122, doi:10.1093/schbul/sbv060)",42,0.13031237018335226
3,TN-CE,SM,TN-CE × SM,"Central Executive–Sensorimotor: disintegration of sensorimotor networks from higher-order cognitive/executive control networks. Kaufmann et al. 2015 Schizophr Bull 41:1326-1335 (PMID:25943122, doi:10.1093/schbul/sbv060)",42,0.16926737688638158
4,TN-CE,SM,TN-CE × SM,"Central Executive–Sensorimotor: disintegration of sensorimotor networks from higher-order cognitive/executive control networks. Kaufmann et al. 2015 Schizophr Bull 41:1326-1335 (PMID:25943122, doi:10.1093/schbul/sbv060)",42,0.15403418156390186
5,TN-CE,SM,TN-CE × SM,"Central Executive–Sensorimotor: disintegration of sensorimotor networks from higher-order cognitive/executive control networks. Kaufmann et al. 2015 Schizophr Bull 41:1326-1335 (PMID:25943122, doi:10.1093/schbul/sbv060)",42,0.05573499480408954
6,TN-CE,SM,TN-CE × SM,"Central Executive–Sensorimotor: disintegration of sensorimotor networks from higher-order cognitive/executive control networks. Kaufmann et al. 2015 Schizophr Bull 41:1326-1335 (PMID:25943122, doi:10.1093/schbul/sbv060)",42,0.08692589158524153
7,TN-CE,SM,TN-CE × SM,"Central Executive–Sensorimotor: disintegration of sensorimotor networks from higher-order cognitive/executive control networks. Kaufmann et al. 2015 Schizophr Bull 41:1326-1335 (PMID:25943122, doi:10.1093/schbul/sbv060)",42,0.13518293238321444
8,TN-CE,SM,TN-CE × SM,"Central Executive–Sensorimotor: disintegration of sensorimotor networks from higher-order cognitive/executive control networks. Kaufmann et al. 2015 Schizophr Bull 41:1326-1335 (PMID:25943122, doi:10.1093/schbul/sbv060)",42,0.0707171447703929
9,TN-CE,SM,TN-CE × SM,"Central Executive–Sensorimotor: disintegration of sensorimotor networks from higher-order cognitive/executive control networks. Kaufmann et al. 2015 Schizophr Bull 41:1326-1335 (PMID:25943122, doi:10.1093/schbul/sbv060)",42,0.1390281561064524
10,TN-CE,SM,TN-CE × SM,"Central Executive–Sensorimotor: disintegration of sensorimotor networks from higher-order cognitive/executive control networks. Kaufmann et al. 2015 Schizophr Bull 41:1326-1335 (PMID:25943122, doi:10.1093/schbul/sbv060)",42,0.2169839351978861
11,TN-CE,SM,TN-CE × SM,"Central Executive–Sensorimotor: disintegration of sensorimotor networks from higher-order cognitive/executive control networks. Kaufmann et al. 2015 Schizophr Bull 41:1326-1335 (PMID:25943122, doi:10.1093/schbul/sbv060)",42,0.11338918869875063
12,TN-CE,SM,TN-CE × SM,"Central Executive–Sensorimotor: disintegration of sensorimotor networks from higher-order cognitive/executive control networks. Kaufmann et al. 2015 Schizophr Bull 41:1326-1335 (PMID:25943122, doi:10.1093/schbul/sbv060)",42,0.09656478362651166
13,TN-CE,SM,TN-CE × SM,"Central Executive–Sensorimotor: disintegration of sensorimotor networks from higher-order cognitive/executive control networks. Kaufmann et al. 2015 Schizophr Bull 41:1326-1335 (PMID:25943122, doi:10.1093/schbul/sbv060)",42,0.07531939461808597
14,TN-CE,SM,TN-CE × SM,"Central Executive–Sensorimotor: disintegration of sensorimotor networks from higher-order cognitive/executive control networks. Kaufmann et al. 2015 Schizophr Bull 41:1326-1335 (PMID:25943122, doi:10.1093/schbul/sbv060)",42,0.09226757947761004
15,TN-CE,SM,TN-CE × SM,"Central Executive–Sensorimotor: disintegration of sensorimotor networks from higher-order cognitive/executive control networks. Kaufmann et al. 2015 Schizophr Bull 41:1326-1335 (PMID:25943122, doi:10.1093/schbul/sbv060)",42,0.06702062810234535
16,TN-CE,SM,TN-CE × SM,"Central Executive–Sensorimotor: disintegration of sensorimotor networks from higher-order cognitive/executive control networks. Kaufmann et al. 2015 Schizophr Bull 41:1326-1335 (PMID:25943122, doi:10.1093/schbul/sbv060)",42,0.07990118324802029
17,TN-CE,SM,TN-CE × SM,"Central Executive–Sensorimotor: disintegration of sensorimotor networks from higher-order cognitive/executive control networks. Kaufmann et al. 2015 Schizophr Bull 41:1326-1335 (PMID:25943122, doi:10.1093/schbul/sbv060)",42,0.052318984963754284
18,TN-CE,SM,TN-CE × SM,"Central Executive–Sensorimotor: disintegration of sensorimotor networks from higher-order cognitive/executive control networks. Kaufmann et al. 2015 Schizophr Bull 41:1326-1335 (PMID:25943122, doi:10.1093/schbul/sbv060)",42,0.100297744278328
19,TN-CE,SM,TN-CE × SM,"Central Executive–Sensorimotor: disintegration of sensorimotor networks from higher-order cognitive/executive control networks. Kaufmann et al. 2015 Schizophr Bull 41:1326-1335 (PMID:25943122, doi:10.1093/schbul/sbv060)",42,0.041440133030871906
20,TN-CE,SM,TN-CE × SM,"Central Executive–Sensorimotor: disintegration of sensorimotor networks from higher-order cognitive/executive control networks. Kaufmann et al. 2015 Schizophr Bull 41:1326-1335 (PMID:25943122, doi:10.1093/schbul/sbv060)",42,0.11503985429066961
21,TN-CE,SM,TN-CE × SM,"Central Executive–Sensorimotor: disintegration of sensorimotor networks from higher-order cognitive/executive control networks. Kaufmann et al. 2015 Schizophr Bull 41:1326-1335 (PMID:25943122, doi:10.1093/schbul/sbv060)",42,0.07856184896451895
22,TN-CE,SM,TN-CE × SM,"Central Executive–Sensorimotor: disintegration of sensorimotor networks from higher-order cognitive/executive control networks. Kaufmann et al. 2015 Schizophr Bull 41:1326-1335 (PMID:25943122, doi:10.1093/schbul/sbv060)",42,0.06840979083279722
23,TN-CE,SM,TN-CE × SM,"Central Executive–Sensorimotor: disintegration of sensorimotor networks from higher-order cognitive/executive control networks. Kaufmann et al. 2015 Schizophr Bull 41:1326-1335 (PMID:25943122, doi:10.1093/schbul/sbv060)",42,0.06343160674553269
24,TN-CE,SM,TN-CE × SM,"Central Executive–Sensorimotor: disintegration of sensorimotor networks from higher-order cognitive/executive control networks. Kaufmann et al. 2015 Schizophr Bull 41:1326-1335 (PMID:25943122, doi:10.1093/schbul/sbv060)",42,0.09232527779544061
0,HC-IT,SM,HC-IT × SM,"Insular/Temporal–Sensorimotor: sensory processing disruption; auditory-sensorimotor hyperconnectivity with subcortical nuclei. Avram et al. 2018 Neuropsychopharmacology 43:2462-2471 (doi:10.1038/s41386-018-0059-z); Kaufmann et al. 2015 Schizophr Bull 41:1326-1335 (PMID:25943122, doi:10.1093/schbul/sbv060)",98,0.2688479971853202
1,HC-IT,SM,HC-IT × SM,"Insular/Temporal–Sensorimotor: sensory processing disruption; auditory-sensorimotor hyperconnectivity with subcortical nuclei. Avram et al. 2018 Neuropsychopharmacology 43:2462-2471 (doi:10.1038/s41386-018-0059-z); Kaufmann et al. 2015 Schizophr Bull 41:1326-1335 (PMID:25943122, doi:10.1093/schbul/sbv060)",98,0.17058611063568513
2,HC-IT,SM,HC-IT × SM,"Insular/Temporal–Sensorimotor: sensory processing disruption; auditory-sensorimotor hyperconnectivity with subcortical nuclei. Avram et al. 2018 Neuropsychopharmacology 43:2462-2471 (doi:10.1038/s41386-018-0059-z); Kaufmann et al. 2015 Schizophr Bull 41:1326-1335 (PMID:25943122, doi:10.1093/schbul/sbv060)",98,0.07276899775055262
3,HC-IT,SM,HC-IT × SM,"Insular/Temporal–Sensorimotor: sensory processing disruption; auditory-sensorimotor hyperconnectivity with subcortical nuclei. Avram et al. 2018 Neuropsychopharmacology 43:2462-2471 (doi:10.1038/s41386-018-0059-z); Kaufmann et al. 2015 Schizophr Bull 41:1326-1335 (PMID:25943122, doi:10.1093/schbul/sbv060)",98,0.13348539354038805
4,HC-IT,SM,HC-IT × SM,"Insular/Temporal–Sensorimotor: sensory processing disruption; auditory-sensorimotor hyperconnectivity with subcortical nuclei. Avram et al. 2018 Neuropsychopharmacology 43:2462-2471 (doi:10.1038/s41386-018-0059-z); Kaufmann et al. 2015 Schizophr Bull 41:1326-1335 (PMID:25943122, doi:10.1093/schbul/sbv060)",98,0.155921101356996
5,HC-IT,SM,HC-IT × SM,"Insular/Temporal–Sensorimotor: sensory processing disruption; auditory-sensorimotor hyperconnectivity with subcortical nuclei. Avram et al. 2018 Neuropsychopharmacology 43:2462-2471 (doi:10.1038/s41386-018-0059-z); Kaufmann et al. 2015 Schizophr Bull 41:1326-1335 (PMID:25943122, doi:10.1093/schbul/sbv060)",98,0.14584906263658068
6,HC-IT,SM,HC-IT × SM,"Insular/Temporal–Sensorimotor: sensory processing disruption; auditory-sensorimotor hyperconnectivity with subcortical nuclei. Avram et al. 2018 Neuropsychopharmacology 43:2462-2471 (doi:10.1038/s41386-018-0059-z); Kaufmann et al. 2015 Schizophr Bull 41:1326-1335 (PMID:25943122, doi:10.1093/schbul/sbv060)",98,0.14593989795605278
7,HC-IT,SM,HC-IT × SM,"Insular/Temporal–Sensorimotor: sensory processing disruption; auditory-sensorimotor hyperconnectivity with subcortical nuclei. Avram et al. 2018 Neuropsychopharmacology 43:2462-2471 (doi:10.1038/s41386-018-0059-z); Kaufmann et al. 2015 Schizophr Bull 41:1326-1335 (PMID:25943122, doi:10.1093/schbul/sbv060)",98,0.06478287022912034
8,HC-IT,SM,HC-IT × SM,"Insular/Temporal–Sensorimotor: sensory processing disruption; auditory-sensorimotor hyperconnectivity with subcortical nuclei. Avram et al. 2018 Neuropsychopharmacology 43:2462-2471 (doi:10.1038/s41386-018-0059-z); Kaufmann et al. 2015 Schizophr Bull 41:1326-1335 (PMID:25943122, doi:10.1093/schbul/sbv060)",98,0.07756999784531673
9,HC-IT,SM,HC-IT × SM,"Insular/Temporal–Sensorimotor: sensory processing disruption; auditory-sensorimotor hyperconnectivity with subcortical nuclei. Avram et al. 2018 Neuropsychopharmacology 43:2462-2471 (doi:10.1038/s41386-018-0059-z); Kaufmann et al. 2015 Schizophr Bull 41:1326-1335 (PMID:25943122, doi:10.1093/schbul/sbv060)",98,0.09183937178479425
10,HC-IT,SM,HC-IT × SM,"Insular/Temporal–Sensorimotor: sensory processing disruption; auditory-sensorimotor hyperconnectivity with subcortical nuclei. Avram et al. 2018 Neuropsychopharmacology 43:2462-2471 (doi:10.1038/s41386-018-0059-z); Kaufmann et al. 2015 Schizophr Bull 41:1326-1335 (PMID:25943122, doi:10.1093/schbul/sbv060)",98,0.20111880830243767
11,HC-IT,SM,HC-IT × SM,"Insular/Temporal–Sensorimotor: sensory processing disruption; auditory-sensorimotor hyperconnectivity with subcortical nuclei. Avram et al. 2018 Neuropsychopharmacology 43:2462-2471 (doi:10.1038/s41386-018-0059-z); Kaufmann et al. 2015 Schizophr Bull 41:1326-1335 (PMID:25943122, doi:10.1093/schbul/sbv060)",98,0.1285814075139655
12,HC-IT,SM,HC-IT × SM,"Insular/Temporal–Sensorimotor: sensory processing disruption; auditory-sensorimotor hyperconnectivity with subcortical nuclei. Avram et al. 2018 Neuropsychopharmacology 43:2462-2471 (doi:10.1038/s41386-018-0059-z); Kaufmann et al. 2015 Schizophr Bull 41:1326-1335 (PMID:25943122, doi:10.1093/schbul/sbv060)",98,0.0744309937894318
13,HC-IT,SM,HC-IT × SM,"Insular/Temporal–Sensorimotor: sensory processing disruption; auditory-sensorimotor hyperconnectivity with subcortical nuclei. Avram et al. 2018 Neuropsychopharmacology 43:2462-2471 (doi:10.1038/s41386-018-0059-z); Kaufmann et al. 2015 Schizophr Bull 41:1326-1335 (PMID:25943122, doi:10.1093/schbul/sbv060)",98,0.06401862360187521
14,HC-IT,SM,HC-IT × SM,"Insular/Temporal–Sensorimotor: sensory processing disruption; auditory-sensorimotor hyperconnectivity with subcortical nuclei. Avram et al. 2018 Neuropsychopharmacology 43:2462-2471 (doi:10.1038/s41386-018-0059-z); Kaufmann et al. 2015 Schizophr Bull 41:1326-1335 (PMID:25943122, doi:10.1093/schbul/sbv060)",98,0.07256241235019135
15,HC-IT,SM,HC-IT × SM,"Insular/Temporal–Sensorimotor: sensory processing disruption; auditory-sensorimotor hyperconnectivity with subcortical nuclei. Avram et al. 2018 Neuropsychopharmacology 43:2462-2471 (doi:10.1038/s41386-018-0059-z); Kaufmann et al. 2015 Schizophr Bull 41:1326-1335 (PMID:25943122, doi:10.1093/schbul/sbv060)",98,0.06234186781788065
16,HC-IT,SM,HC-IT × SM,"Insular/Temporal–Sensorimotor: sensory processing disruption; auditory-sensorimotor hyperconnectivity with subcortical nuclei. Avram et al. 2018 Neuropsychopharmacology 43:2462-2471 (doi:10.1038/s41386-018-0059-z); Kaufmann et al. 2015 Schizophr Bull 41:1326-1335 (PMID:25943122, doi:10.1093/schbul/sbv060)",98,0.1189969433954528
17,HC-IT,SM,HC-IT × SM,"Insular/Temporal–Sensorimotor: sensory processing disruption; auditory-sensorimotor hyperconnectivity with subcortical nuclei. Avram et al. 2018 Neuropsychopharmacology 43:2462-2471 (doi:10.1038/s41386-018-0059-z); Kaufmann et al. 2015 Schizophr Bull 41:1326-1335 (PMID:25943122, doi:10.1093/schbul/sbv060)",98,0.08159980465545709
18,HC-IT,SM,HC-IT × SM,"Insular/Temporal–Sensorimotor: sensory processing disruption; auditory-sensorimotor hyperconnectivity with subcortical nuclei. Avram et al. 2018 Neuropsychopharmacology 43:2462-2471 (doi:10.1038/s41386-018-0059-z); Kaufmann et al. 2015 Schizophr Bull 41:1326-1335 (PMID:25943122, doi:10.1093/schbul/sbv060)",98,0.15155893322172434
19,HC-IT,SM,HC-IT × SM,"Insular/Temporal–Sensorimotor: sensory processing disruption; auditory-sensorimotor hyperconnectivity with subcortical nuclei. Avram et al. 2018 Neuropsychopharmacology 43:2462-2471 (doi:10.1038/s41386-018-0059-z); Kaufmann et al. 2015 Schizophr Bull 41:1326-1335 (PMID:25943122, doi:10.1093/schbul/sbv060)",98,0.10124366165670395
20,HC-IT,SM,HC-IT × SM,"Insular/Temporal–Sensorimotor: sensory processing disruption; auditory-sensorimotor hyperconnectivity with subcortical nuclei. Avram et al. 2018 Neuropsychopharmacology 43:2462-2471 (doi:10.1038/s41386-018-0059-z); Kaufmann et al. 2015 Schizophr Bull 41:1326-1335 (PMID:25943122, doi:10.1093/schbul/sbv060)",98,0.07855793458489338
21,HC-IT,SM,HC-IT × SM,"Insular/Temporal–Sensorimotor: sensory processing disruption; auditory-sensorimotor hyperconnectivity with subcortical nuclei. Avram et al. 2018 Neuropsychopharmacology 43:2462-2471 (doi:10.1038/s41386-018-0059-z); Kaufmann et al. 2015 Schizophr Bull 41:1326-1335 (PMID:25943122, doi:10.1093/schbul/sbv060)",98,0.07193821794812283
22,HC-IT,SM,HC-IT × SM,"Insular/Temporal–Sensorimotor: sensory processing disruption; auditory-sensorimotor hyperconnectivity with subcortical nuclei. Avram et al. 2018 Neuropsychopharmacology 43:2462-2471 (doi:10.1038/s41386-018-0059-z); Kaufmann et al. 2015 Schizophr Bull 41:1326-1335 (PMID:25943122, doi:10.1093/schbul/sbv060)",98,0.0894590768746068
23,HC-IT,SM,HC-IT × SM,"Insular/Temporal–Sensorimotor: sensory processing disruption; auditory-sensorimotor hyperconnectivity with subcortical nuclei. Avram et al. 2018 Neuropsychopharmacology 43:2462-2471 (doi:10.1038/s41386-018-0059-z); Kaufmann et al. 2015 Schizophr Bull 41:1326-1335 (PMID:25943122, doi:10.1093/schbul/sbv060)",98,0.0784696576232492
24,HC-IT,SM,HC-IT × SM,"Insular/Temporal–Sensorimotor: sensory processing disruption; auditory-sensorimotor hyperconnectivity with subcortical nuclei. Avram et al. 2018 Neuropsychopharmacology 43:2462-2471 (doi:10.1038/s41386-018-0059-z); Kaufmann et al. 2015 Schizophr Bull 41:1326-1335 (PMID:25943122, doi:10.1093/schbul/sbv060)",98,0.06686150422047182
0,TN-DM,VI-OC,TN-DM × VI-OC,DMN–Visual (Occipital): posterior DMN hypoconnectivity with occipital visual network; aberrant dynamic visual-sensory patterns. Dong et al. 2018 Sci Rep 8:14655 (doi:10.1038/srep14655); Sendi et al. 2021 Schizophr Res 228:103-111 (doi:10.1016/j.schres.2020.11.055),48,0.18678162508827323
1,TN-DM,VI-OC,TN-DM × VI-OC,DMN–Visual (Occipital): posterior DMN hypoconnectivity with occipital visual network; aberrant dynamic visual-sensory patterns. Dong et al. 2018 Sci Rep 8:14655 (doi:10.1038/srep14655); Sendi et al. 2021 Schizophr Res 228:103-111 (doi:10.1016/j.schres.2020.11.055),48,0.14009506092992205
2,TN-DM,VI-OC,TN-DM × VI-OC,DMN–Visual (Occipital): posterior DMN hypoconnectivity with occipital visual network; aberrant dynamic visual-sensory patterns. Dong et al. 2018 Sci Rep 8:14655 (doi:10.1038/srep14655); Sendi et al. 2021 Schizophr Res 228:103-111 (doi:10.1016/j.schres.2020.11.055),48,0.12371809551563584
3,TN-DM,VI-OC,TN-DM × VI-OC,DMN–Visual (Occipital): posterior DMN hypoconnectivity with occipital visual network; aberrant dynamic visual-sensory patterns. Dong et al. 2018 Sci Rep 8:14655 (doi:10.1038/srep14655); Sendi et al. 2021 Schizophr Res 228:103-111 (doi:10.1016/j.schres.2020.11.055),48,0.09651114432535517
4,TN-DM,VI-OC,TN-DM × VI-OC,DMN–Visual (Occipital): posterior DMN hypoconnectivity with occipital visual network; aberrant dynamic visual-sensory patterns. Dong et al. 2018 Sci Rep 8:14655 (doi:10.1038/srep14655); Sendi et al. 2021 Schizophr Res 228:103-111 (doi:10.1016/j.schres.2020.11.055),48,0.2597619225336987
5,TN-DM,VI-OC,TN-DM × VI-OC,DMN–Visual (Occipital): posterior DMN hypoconnectivity with occipital visual network; aberrant dynamic visual-sensory patterns. Dong et al. 2018 Sci Rep 8:14655 (doi:10.1038/srep14655); Sendi et al. 2021 Schizophr Res 228:103-111 (doi:10.1016/j.schres.2020.11.055),48,0.17232215736488735
6,TN-DM,VI-OC,TN-DM × VI-OC,DMN–Visual (Occipital): posterior DMN hypoconnectivity with occipital visual network; aberrant dynamic visual-sensory patterns. Dong et al. 2018 Sci Rep 8:14655 (doi:10.1038/srep14655); Sendi et al. 2021 Schizophr Res 228:103-111 (doi:10.1016/j.schres.2020.11.055),48,0.1180382447045562
7,TN-DM,VI-OC,TN-DM × VI-OC,DMN–Visual (Occipital): posterior DMN hypoconnectivity with occipital visual network; aberrant dynamic visual-sensory patterns. Dong et al. 2018 Sci Rep 8:14655 (doi:10.1038/srep14655); Sendi et al. 2021 Schizophr Res 228:103-111 (doi:10.1016/j.schres.2020.11.055),48,0.11289501560905328
8,TN-DM,VI-OC,TN-DM × VI-OC,DMN–Visual (Occipital): posterior DMN hypoconnectivity with occipital visual network; aberrant dynamic visual-sensory patterns. Dong et al. 2018 Sci Rep 8:14655 (doi:10.1038/srep14655); Sendi et al. 2021 Schizophr Res 228:103-111 (doi:10.1016/j.schres.2020.11.055),48,0.14170060660628045
9,TN-DM,VI-OC,TN-DM × VI-OC,DMN–Visual (Occipital): posterior DMN hypoconnectivity with occipital visual network; aberrant dynamic visual-sensory patterns. Dong et al. 2018 Sci Rep 8:14655 (doi:10.1038/srep14655); Sendi et al. 2021 Schizophr Res 228:103-111 (doi:10.1016/j.schres.2020.11.055),48,0.0689983858928823
10,TN-DM,VI-OC,TN-DM × VI-OC,DMN–Visual (Occipital): posterior DMN hypoconnectivity with occipital visual network; aberrant dynamic visual-sensory patterns. Dong et al. 2018 Sci Rep 8:14655 (doi:10.1038/srep14655); Sendi et al. 2021 Schizophr Res 228:103-111 (doi:10.1016/j.schres.2020.11.055),48,0.10419954505539353
11,TN-DM,VI-OC,TN-DM × VI-OC,DMN–Visual (Occipital): posterior DMN hypoconnectivity with occipital visual network; aberrant dynamic visual-sensory patterns. Dong et al. 2018 Sci Rep 8:14655 (doi:10.1038/srep14655); Sendi et al. 2021 Schizophr Res 228:103-111 (doi:10.1016/j.schres.2020.11.055),48,0.11856420989892626
12,TN-DM,VI-OC,TN-DM × VI-OC,DMN–Visual (Occipital): posterior DMN hypoconnectivity with occipital visual network; aberrant dynamic visual-sensory patterns. Dong et al. 2018 Sci Rep 8:14655 (doi:10.1038/srep14655); Sendi et al. 2021 Schizophr Res 228:103-111 (doi:10.1016/j.schres.2020.11.055),48,0.14314446325623245
13,TN-DM,VI-OC,TN-DM × VI-OC,DMN–Visual (Occipital): posterior DMN hypoconnectivity with occipital visual network; aberrant dynamic visual-sensory patterns. Dong et al. 2018 Sci Rep 8:14655 (doi:10.1038/srep14655); Sendi et al. 2021 Schizophr Res 228:103-111 (doi:10.1016/j.schres.2020.11.055),48,0.05968453231204187
14,TN-DM,VI-OC,TN-DM × VI-OC,DMN–Visual (Occipital): posterior DMN hypoconnectivity with occipital visual network; aberrant dynamic visual-sensory patterns. Dong et al. 2018 Sci Rep 8:14655 (doi:10.1038/srep14655); Sendi et al. 2021 Schizophr Res 228:103-111 (doi:10.1016/j.schres.2020.11.055),48,0.09090159494442986
15,TN-DM,VI-OC,TN-DM × VI-OC,DMN–Visual (Occipital): posterior DMN hypoconnectivity with occipital visual network; aberrant dynamic visual-sensory patterns. Dong et al. 2018 Sci Rep 8:14655 (doi:10.1038/srep14655); Sendi et al. 2021 Schizophr Res 228:103-111 (doi:10.1016/j.schres.2020.11.055),48,0.072926581080907
16,TN-DM,VI-OC,TN-DM × VI-OC,DMN–Visual (Occipital): posterior DMN hypoconnectivity with occipital visual network; aberrant dynamic visual-sensory patterns. Dong et al. 2018 Sci Rep 8:14655 (doi:10.1038/srep14655); Sendi et al. 2021 Schizophr Res 228:103-111 (doi:10.1016/j.schres.2020.11.055),48,0.0654823702599129
17,TN-DM,VI-OC,TN-DM × VI-OC,DMN–Visual (Occipital): posterior DMN hypoconnectivity with occipital visual network; aberrant dynamic visual-sensory patterns. Dong et al. 2018 Sci Rep 8:14655 (doi:10.1038/srep14655); Sendi et al. 2021 Schizophr Res 228:103-111 (doi:10.1016/j.schres.2020.11.055),48,0.08270733138542948
18,TN-DM,VI-OC,TN-DM × VI-OC,DMN–Visual (Occipital): posterior DMN hypoconnectivity with occipital visual network; aberrant dynamic visual-sensory patterns. Dong et al. 2018 Sci Rep 8:14655 (doi:10.1038/srep14655); Sendi et al. 2021 Schizophr Res 228:103-111 (doi:10.1016/j.schres.2020.11.055),48,0.07617658042172856
19,TN-DM,VI-OC,TN-DM × VI-OC,DMN–Visual (Occipital): posterior DMN hypoconnectivity with occipital visual network; aberrant dynamic visual-sensory patterns. Dong et al. 2018 Sci Rep 8:14655 (doi:10.1038/srep14655); Sendi et al. 2021 Schizophr Res 228:103-111 (doi:10.1016/j.schres.2020.11.055),48,0.08370881412393812
20,TN-DM,VI-OC,TN-DM × VI-OC,DMN–Visual (Occipital): posterior DMN hypoconnectivity with occipital visual network; aberrant dynamic visual-sensory patterns. Dong et al. 2018 Sci Rep 8:14655 (doi:10.1038/srep14655); Sendi et al. 2021 Schizophr Res 228:103-111 (doi:10.1016/j.schres.2020.11.055),48,0.049014883197942866
21,TN-DM,VI-OC,TN-DM × VI-OC,DMN–Visual (Occipital): posterior DMN hypoconnectivity with occipital visual network; aberrant dynamic visual-sensory patterns. Dong et al. 2018 Sci Rep 8:14655 (doi:10.1038/srep14655); Sendi et al. 2021 Schizophr Res 228:103-111 (doi:10.1016/j.schres.2020.11.055),48,0.09936107762214785
22,TN-DM,VI-OC,TN-DM × VI-OC,DMN–Visual (Occipital): posterior DMN hypoconnectivity with occipital visual network; aberrant dynamic visual-sensory patterns. Dong et al. 2018 Sci Rep 8:14655 (doi:10.1038/srep14655); Sendi et al. 2021 Schizophr Res 228:103-111 (doi:10.1016/j.schres.2020.11.055),48,0.0850522469329726
23,TN-DM,VI-OC,TN-DM × VI-OC,DMN–Visual (Occipital): posterior DMN hypoconnectivity with occipital visual network; aberrant dynamic visual-sensory patterns. Dong et al. 2018 Sci Rep 8:14655 (doi:10.1038/srep14655); Sendi et al. 2021 Schizophr Res 228:103-111 (doi:10.1016/j.schres.2020.11.055),48,0.024256475077204454
24,TN-DM,VI-OC,TN-DM × VI-OC,DMN–Visual (Occipital): posterior DMN hypoconnectivity with occipital visual network; aberrant dynamic visual-sensory patterns. Dong et al. 2018 Sci Rep 8:14655 (doi:10.1038/srep14655); Sendi et al. 2021 Schizophr Res 228:103-111 (doi:10.1016/j.schres.2020.11.055),48,0.04157817600440878
0,TN-SA,TN-DM,TN-SA × TN-DM,Salience–DMN: aberrant salience-to-DMN switching; the triple network model posits that salience network dysfunction drives DMN/CEN imbalance. Palaniyappan & Liddle 2012 J Neurol Neurosurg Psychiatry 83:558-567 (doi:10.1136/jnnp-2011-301452); Menon 2011 Trends Cogn Sci 15:483-506 (doi:10.1016/j.tics.2011.08.003),32,0.13075160723812773
1,TN-SA,TN-DM,TN-SA × TN-DM,Salience–DMN: aberrant salience-to-DMN switching; the triple network model posits that salience network dysfunction drives DMN/CEN imbalance. Palaniyappan & Liddle 2012 J Neurol Neurosurg Psychiatry 83:558-567 (doi:10.1136/jnnp-2011-301452); Menon 2011 Trends Cogn Sci 15:483-506 (doi:10.1016/j.tics.2011.08.003),32,0.11143478551950116
2,TN-SA,TN-DM,TN-SA × TN-DM,Salience–DMN: aberrant salience-to-DMN switching; the triple network model posits that salience network dysfunction drives DMN/CEN imbalance. Palaniyappan & Liddle 2012 J Neurol Neurosurg Psychiatry 83:558-567 (doi:10.1136/jnnp-2011-301452); Menon 2011 Trends Cogn Sci 15:483-506 (doi:10.1016/j.tics.2011.08.003),32,0.15200633384112067
3,TN-SA,TN-DM,TN-SA × TN-DM,Salience–DMN: aberrant salience-to-DMN switching; the triple network model posits that salience network dysfunction drives DMN/CEN imbalance. Palaniyappan & Liddle 2012 J Neurol Neurosurg Psychiatry 83:558-567 (doi:10.1136/jnnp-2011-301452); Menon 2011 Trends Cogn Sci 15:483-506 (doi:10.1016/j.tics.2011.08.003),32,0.12900248681348625
4,TN-SA,TN-DM,TN-SA × TN-DM,Salience–DMN: aberrant salience-to-DMN switching; the triple network model posits that salience network dysfunction drives DMN/CEN imbalance. Palaniyappan & Liddle 2012 J Neurol Neurosurg Psychiatry 83:558-567 (doi:10.1136/jnnp-2011-301452); Menon 2011 Trends Cogn Sci 15:483-506 (doi:10.1016/j.tics.2011.08.003),32,0.1757177044907866
5,TN-SA,TN-DM,TN-SA × TN-DM,Salience–DMN: aberrant salience-to-DMN switching; the triple network model posits that salience network dysfunction drives DMN/CEN imbalance. Palaniyappan & Liddle 2012 J Neurol Neurosurg Psychiatry 83:558-567 (doi:10.1136/jnnp-2011-301452); Menon 2011 Trends Cogn Sci 15:483-506 (doi:10.1016/j.tics.2011.08.003),32,0.14722089410582978
6,TN-SA,TN-DM,TN-SA × TN-DM,Salience–DMN: aberrant salience-to-DMN switching; the triple network model posits that salience network dysfunction drives DMN/CEN imbalance. Palaniyappan & Liddle 2012 J Neurol Neurosurg Psychiatry 83:558-567 (doi:10.1136/jnnp-2011-301452); Menon 2011 Trends Cogn Sci 15:483-506 (doi:10.1016/j.tics.2011.08.003),32,0.08357359704179129
7,TN-SA,TN-DM,TN-SA × TN-DM,Salience–DMN: aberrant salience-to-DMN switching; the triple network model posits that salience network dysfunction drives DMN/CEN imbalance. Palaniyappan & Liddle 2012 J Neurol Neurosurg Psychiatry 83:558-567 (doi:10.1136/jnnp-2011-301452); Menon 2011 Trends Cogn Sci 15:483-506 (doi:10.1016/j.tics.2011.08.003),32,0.15331291373326858
8,TN-SA,TN-DM,TN-SA × TN-DM,Salience–DMN: aberrant salience-to-DMN switching; the triple network model posits that salience network dysfunction drives DMN/CEN imbalance. Palaniyappan & Liddle 2012 J Neurol Neurosurg Psychiatry 83:558-567 (doi:10.1136/jnnp-2011-301452); Menon 2011 Trends Cogn Sci 15:483-506 (doi:10.1016/j.tics.2011.08.003),32,0.14988418692053224
9,TN-SA,TN-DM,TN-SA × TN-DM,Salience–DMN: aberrant salience-to-DMN switching; the triple network model posits that salience network dysfunction drives DMN/CEN imbalance. Palaniyappan & Liddle 2012 J Neurol Neurosurg Psychiatry 83:558-567 (doi:10.1136/jnnp-2011-301452); Menon 2011 Trends Cogn Sci 15:483-506 (doi:10.1016/j.tics.2011.08.003),32,0.10696951297134386
10,TN-SA,TN-DM,TN-SA × TN-DM,Salience–DMN: aberrant salience-to-DMN switching; the triple network model posits that salience network dysfunction drives DMN/CEN imbalance. Palaniyappan & Liddle 2012 J Neurol Neurosurg Psychiatry 83:558-567 (doi:10.1136/jnnp-2011-301452); Menon 2011 Trends Cogn Sci 15:483-506 (doi:10.1016/j.tics.2011.08.003),32,0.05821435969484954
11,TN-SA,TN-DM,TN-SA × TN-DM,Salience–DMN: aberrant salience-to-DMN switching; the triple network model posits that salience network dysfunction drives DMN/CEN imbalance. Palaniyappan & Liddle 2012 J Neurol Neurosurg Psychiatry 83:558-567 (doi:10.1136/jnnp-2011-301452); Menon 2011 Trends Cogn Sci 15:483-506 (doi:10.1016/j.tics.2011.08.003),32,0.09036042036807673
12,TN-SA,TN-DM,TN-SA × TN-DM,Salience–DMN: aberrant salience-to-DMN switching; the triple network model posits that salience network dysfunction drives DMN/CEN imbalance. Palaniyappan & Liddle 2012 J Neurol Neurosurg Psychiatry 83:558-567 (doi:10.1136/jnnp-2011-301452); Menon 2011 Trends Cogn Sci 15:483-506 (doi:10.1016/j.tics.2011.08.003),32,0.14880735041538995
13,TN-SA,TN-DM,TN-SA × TN-DM,Salience–DMN: aberrant salience-to-DMN switching; the triple network model posits that salience network dysfunction drives DMN/CEN imbalance. Palaniyappan & Liddle 2012 J Neurol Neurosurg Psychiatry 83:558-567 (doi:10.1136/jnnp-2011-301452); Menon 2011 Trends Cogn Sci 15:483-506 (doi:10.1016/j.tics.2011.08.003),32,0.06361572852067127
14,TN-SA,TN-DM,TN-SA × TN-DM,Salience–DMN: aberrant salience-to-DMN switching; the triple network model posits that salience network dysfunction drives DMN/CEN imbalance. Palaniyappan & Liddle 2012 J Neurol Neurosurg Psychiatry 83:558-567 (doi:10.1136/jnnp-2011-301452); Menon 2011 Trends Cogn Sci 15:483-506 (doi:10.1016/j.tics.2011.08.003),32,0.08231763094533306
15,TN-SA,TN-DM,TN-SA × TN-DM,Salience–DMN: aberrant salience-to-DMN switching; the triple network model posits that salience network dysfunction drives DMN/CEN imbalance. Palaniyappan & Liddle 2012 J Neurol Neurosurg Psychiatry 83:558-567 (doi:10.1136/jnnp-2011-301452); Menon 2011 Trends Cogn Sci 15:483-506 (doi:10.1016/j.tics.2011.08.003),32,0.05852107404948968
16,TN-SA,TN-DM,TN-SA × TN-DM,Salience–DMN: aberrant salience-to-DMN switching; the triple network model posits that salience network dysfunction drives DMN/CEN imbalance. Palaniyappan & Liddle 2012 J Neurol Neurosurg Psychiatry 83:558-567 (doi:10.1136/jnnp-2011-301452); Menon 2011 Trends Cogn Sci 15:483-506 (doi:10.1016/j.tics.2011.08.003),32,0.0524539288889013
17,TN-SA,TN-DM,TN-SA × TN-DM,Salience–DMN: aberrant salience-to-DMN switching; the triple network model posits that salience network dysfunction drives DMN/CEN imbalance. Palaniyappan & Liddle 2012 J Neurol Neurosurg Psychiatry 83:558-567 (doi:10.1136/jnnp-2011-301452); Menon 2011 Trends Cogn Sci 15:483-506 (doi:10.1016/j.tics.2011.08.003),32,0.143012451192838
18,TN-SA,TN-DM,TN-SA × TN-DM,Salience–DMN: aberrant salience-to-DMN switching; the triple network model posits that salience network dysfunction drives DMN/CEN imbalance. Palaniyappan & Liddle 2012 J Neurol Neurosurg Psychiatry 83:558-567 (doi:10.1136/jnnp-2011-301452); Menon 2011 Trends Cogn Sci 15:483-506 (doi:10.1016/j.tics.2011.08.003),32,0.08554380082394794
19,TN-SA,TN-DM,TN-SA × TN-DM,Salience–DMN: aberrant salience-to-DMN switching; the triple network model posits that salience network dysfunction drives DMN/CEN imbalance. Palaniyappan & Liddle 2012 J Neurol Neurosurg Psychiatry 83:558-567 (doi:10.1136/jnnp-2011-301452); Menon 2011 Trends Cogn Sci 15:483-506 (doi:10.1016/j.tics.2011.08.003),32,0.06668122107092145
20,TN-SA,TN-DM,TN-SA × TN-DM,Salience–DMN: aberrant salience-to-DMN switching; the triple network model posits that salience network dysfunction drives DMN/CEN imbalance. Palaniyappan & Liddle 2012 J Neurol Neurosurg Psychiatry 83:558-567 (doi:10.1136/jnnp-2011-301452); Menon 2011 Trends Cogn Sci 15:483-506 (doi:10.1016/j.tics.2011.08.003),32,0.0981958251710284
21,TN-SA,TN-DM,TN-SA × TN-DM,Salience–DMN: aberrant salience-to-DMN switching; the triple network model posits that salience network dysfunction drives DMN/CEN imbalance. Palaniyappan & Liddle 2012 J Neurol Neurosurg Psychiatry 83:558-567 (doi:10.1136/jnnp-2011-301452); Menon 2011 Trends Cogn Sci 15:483-506 (doi:10.1016/j.tics.2011.08.003),32,0.04642681583045545
22,TN-SA,TN-DM,TN-SA × TN-DM,Salience–DMN: aberrant salience-to-DMN switching; the triple network model posits that salience network dysfunction drives DMN/CEN imbalance. Palaniyappan & Liddle 2012 J Neurol Neurosurg Psychiatry 83:558-567 (doi:10.1136/jnnp-2011-301452); Menon 2011 Trends Cogn Sci 15:483-506 (doi:10.1016/j.tics.2011.08.003),32,0.055428969660215044
23,TN-SA,TN-DM,TN-SA × TN-DM,Salience–DMN: aberrant salience-to-DMN switching; the triple network model posits that salience network dysfunction drives DMN/CEN imbalance. Palaniyappan & Liddle 2012 J Neurol Neurosurg Psychiatry 83:558-567 (doi:10.1136/jnnp-2011-301452); Menon 2011 Trends Cogn Sci 15:483-506 (doi:10.1016/j.tics.2011.08.003),32,0.04887535441460783
24,TN-SA,TN-DM,TN-SA × TN-DM,Salience–DMN: aberrant salience-to-DMN switching; the triple network model posits that salience network dysfunction drives DMN/CEN imbalance. Palaniyappan & Liddle 2012 J Neurol Neurosurg Psychiatry 83:558-567 (doi:10.1136/jnnp-2011-301452); Menon 2011 Trends Cogn Sci 15:483-506 (doi:10.1016/j.tics.2011.08.003),32,0.07957237008707772
0,TN-SA,TN-CE,TN-SA × TN-CE,Salience–Central Executive: disrupted salience-driven engagement of central executive resources; impaired anterior insular mediation. Menon 2011 Trends Cogn Sci 15:483-506 (doi:10.1016/j.tics.2011.08.003); Manoliu et al. 2014 Schizophr Bull 40:428-437 (doi:10.1093/schbul/sbt037),12,0.3288909640689125
1,TN-SA,TN-CE,TN-SA × TN-CE,Salience–Central Executive: disrupted salience-driven engagement of central executive resources; impaired anterior insular mediation. Menon 2011 Trends Cogn Sci 15:483-506 (doi:10.1016/j.tics.2011.08.003); Manoliu et al. 2014 Schizophr Bull 40:428-437 (doi:10.1093/schbul/sbt037),12,0.09243035975198306
2,TN-SA,TN-CE,TN-SA × TN-CE,Salience–Central Executive: disrupted salience-driven engagement of central executive resources; impaired anterior insular mediation. Menon 2011 Trends Cogn Sci 15:483-506 (doi:10.1016/j.tics.2011.08.003); Manoliu et al. 2014 Schizophr Bull 40:428-437 (doi:10.1093/schbul/sbt037),12,0.07964559426108203
3,TN-SA,TN-CE,TN-SA × TN-CE,Salience–Central Executive: disrupted salience-driven engagement of central executive resources; impaired anterior insular mediation. Menon 2011 Trends Cogn Sci 15:483-506 (doi:10.1016/j.tics.2011.08.003); Manoliu et al. 2014 Schizophr Bull 40:428-437 (doi:10.1093/schbul/sbt037),12,0.05163013146366462
4,TN-SA,TN-CE,TN-SA × TN-CE,Salience–Central Executive: disrupted salience-driven engagement of central executive resources; impaired anterior insular mediation. Menon 2011 Trends Cogn Sci 15:483-506 (doi:10.1016/j.tics.2011.08.003); Manoliu et al. 2014 Schizophr Bull 40:428-437 (doi:10.1093/schbul/sbt037),12,0.31426679793872564
5,TN-SA,TN-CE,TN-SA × TN-CE,Salience–Central Executive: disrupted salience-driven engagement of central executive resources; impaired anterior insular mediation. Menon 2011 Trends Cogn Sci 15:483-506 (doi:10.1016/j.tics.2011.08.003); Manoliu et al. 2014 Schizophr Bull 40:428-437 (doi:10.1093/schbul/sbt037),12,0.06694916934061616
6,TN-SA,TN-CE,TN-SA × TN-CE,Salience–Central Executive: disrupted salience-driven engagement of central executive resources; impaired anterior insular mediation. Menon 2011 Trends Cogn Sci 15:483-506 (doi:10.1016/j.tics.2011.08.003); Manoliu et al. 2014 Schizophr Bull 40:428-437 (doi:10.1093/schbul/sbt037),12,0.051233204423572265
7,TN-SA,TN-CE,TN-SA × TN-CE,Salience–Central Executive: disrupted salience-driven engagement of central executive resources; impaired anterior insular mediation. Menon 2011 Trends Cogn Sci 15:483-506 (doi:10.1016/j.tics.2011.08.003); Manoliu et al. 2014 Schizophr Bull 40:428-437 (doi:10.1093/schbul/sbt037),12,0.08676619753745862
8,TN-SA,TN-CE,TN-SA × TN-CE,Salience–Central Executive: disrupted salience-driven engagement of central executive resources; impaired anterior insular mediation. Menon 2011 Trends Cogn Sci 15:483-506 (doi:10.1016/j.tics.2011.08.003); Manoliu et al. 2014 Schizophr Bull 40:428-437 (doi:10.1093/schbul/sbt037),12,0.10912816434604534
9,TN-SA,TN-CE,TN-SA × TN-CE,Salience–Central Executive: disrupted salience-driven engagement of central executive resources; impaired anterior insular mediation. Menon 2011 Trends Cogn Sci 15:483-506 (doi:10.1016/j.tics.2011.08.003); Manoliu et al. 2014 Schizophr Bull 40:428-437 (doi:10.1093/schbul/sbt037),12,0.027320588425775918
10,TN-SA,TN-CE,TN-SA × TN-CE,Salience–Central Executive: disrupted salience-driven engagement of central executive resources; impaired anterior insular mediation. Menon 2011 Trends Cogn Sci 15:483-506 (doi:10.1016/j.tics.2011.08.003); Manoliu et al. 2014 Schizophr Bull 40:428-437 (doi:10.1093/schbul/sbt037),12,0.0733371628209628
11,TN-SA,TN-CE,TN-SA × TN-CE,Salience–Central Executive: disrupted salience-driven engagement of central executive resources; impaired anterior insular mediation. Menon 2011 Trends Cogn Sci 15:483-506 (doi:10.1016/j.tics.2011.08.003); Manoliu et al. 2014 Schizophr Bull 40:428-437 (doi:10.1093/schbul/sbt037),12,0.08034625499006284
12,TN-SA,TN-CE,TN-SA × TN-CE,Salience–Central Executive: disrupted salience-driven engagement of central executive resources; impaired anterior insular mediation. Menon 2011 Trends Cogn Sci 15:483-506 (doi:10.1016/j.tics.2011.08.003); Manoliu et al. 2014 Schizophr Bull 40:428-437 (doi:10.1093/schbul/sbt037),12,0.07524914247377566
13,TN-SA,TN-CE,TN-SA × TN-CE,Salience–Central Executive: disrupted salience-driven engagement of central executive resources; impaired anterior insular mediation. Menon 2011 Trends Cogn Sci 15:483-506 (doi:10.1016/j.tics.2011.08.003); Manoliu et al. 2014 Schizophr Bull 40:428-437 (doi:10.1093/schbul/sbt037),12,0.09299820253099249
14,TN-SA,TN-CE,TN-SA × TN-CE,Salience–Central Executive: disrupted salience-driven engagement of central executive resources; impaired anterior insular mediation. Menon 2011 Trends Cogn Sci 15:483-506 (doi:10.1016/j.tics.2011.08.003); Manoliu et al. 2014 Schizophr Bull 40:428-437 (doi:10.1093/schbul/sbt037),12,0.04340347839554729
15,TN-SA,TN-CE,TN-SA × TN-CE,Salience–Central Executive: disrupted salience-driven engagement of central executive resources; impaired anterior insular mediation. Menon 2011 Trends Cogn Sci 15:483-506 (doi:10.1016/j.tics.2011.08.003); Manoliu et al. 2014 Schizophr Bull 40:428-437 (doi:10.1093/schbul/sbt037),12,0.03727264420023083
16,TN-SA,TN-CE,TN-SA × TN-CE,Salience–Central Executive: disrupted salience-driven engagement of central executive resources; impaired anterior insular mediation. Menon 2011 Trends Cogn Sci 15:483-506 (doi:10.1016/j.tics.2011.08.003); Manoliu et al. 2014 Schizophr Bull 40:428-437 (doi:10.1093/schbul/sbt037),12,0.05398823481084137
17,TN-SA,TN-CE,TN-SA × TN-CE,Salience–Central Executive: disrupted salience-driven engagement of central executive resources; impaired anterior insular mediation. Menon 2011 Trends Cogn Sci 15:483-506 (doi:10.1016/j.tics.2011.08.003); Manoliu et al. 2014 Schizophr Bull 40:428-437 (doi:10.1093/schbul/sbt037),12,0.06685285019187338
18,TN-SA,TN-CE,TN-SA × TN-CE,Salience–Central Executive: disrupted salience-driven engagement of central executive resources; impaired anterior insular mediation. Menon 2011 Trends Cogn Sci 15:483-506 (doi:10.1016/j.tics.2011.08.003); Manoliu et al. 2014 Schizophr Bull 40:428-437 (doi:10.1093/schbul/sbt037),12,0.10795298401609811
19,TN-SA,TN-CE,TN-SA × TN-CE,Salience–Central Executive: disrupted salience-driven engagement of central executive resources; impaired anterior insular mediation. Menon 2011 Trends Cogn Sci 15:483-506 (doi:10.1016/j.tics.2011.08.003); Manoliu et al. 2014 Schizophr Bull 40:428-437 (doi:10.1093/schbul/sbt037),12,0.05197544582729263
20,TN-SA,TN-CE,TN-SA × TN-CE,Salience–Central Executive: disrupted salience-driven engagement of central executive resources; impaired anterior insular mediation. Menon 2011 Trends Cogn Sci 15:483-506 (doi:10.1016/j.tics.2011.08.003); Manoliu et al. 2014 Schizophr Bull 40:428-437 (doi:10.1093/schbul/sbt037),12,0.12463161953126049
21,TN-SA,TN-CE,TN-SA × TN-CE,Salience–Central Executive: disrupted salience-driven engagement of central executive resources; impaired anterior insular mediation. Menon 2011 Trends Cogn Sci 15:483-506 (doi:10.1016/j.tics.2011.08.003); Manoliu et al. 2014 Schizophr Bull 40:428-437 (doi:10.1093/schbul/sbt037),12,0.09751859052760803
22,TN-SA,TN-CE,TN-SA × TN-CE,Salience–Central Executive: disrupted salience-driven engagement of central executive resources; impaired anterior insular mediation. Menon 2011 Trends Cogn Sci 15:483-506 (doi:10.1016/j.tics.2011.08.003); Manoliu et al. 2014 Schizophr Bull 40:428-437 (doi:10.1093/schbul/sbt037),12,0.06359250399917017
23,TN-SA,TN-CE,TN-SA × TN-CE,Salience–Central Executive: disrupted salience-driven engagement of central executive resources; impaired anterior insular mediation. Menon 2011 Trends Cogn Sci 15:483-506 (doi:10.1016/j.tics.2011.08.003); Manoliu et al. 2014 Schizophr Bull 40:428-437 (doi:10.1093/schbul/sbt037),12,0.055963937871179426
24,TN-SA,TN-CE,TN-SA × TN-CE,Salience–Central Executive: disrupted salience-driven engagement of central executive resources; impaired anterior insular mediation. Menon 2011 Trends Cogn Sci 15:483-506 (doi:10.1016/j.tics.2011.08.003); Manoliu et al. 2014 Schizophr Bull 40:428-437 (doi:10.1093/schbul/sbt037),12,0.12053514627480454
